,ID,predict_reached_on_time
0,8800,1
1,8801,1
2,8802,0
3,8803,1
4,8804,1
5,8805,1
6,8806,1
7,8807,1
8,8808,1
9,8809,1
10,8810,0
11,8811,1
12,8812,1
13,8813,0
14,8814,1
15,8815,0
16,8816,1
17,8817,1
18,8818,0
19,8819,0
20,8820,1
21,8821,1
22,8822,1
23,8823,1
24,8824,1
25,8825,0
26,8826,1
27,8827,1
28,8828,1
29,8829,0
30,8830,0
31,8831,1
32,8832,1
33,8833,1
34,8834,0
35,8835,0
36,8836,1
37,8837,1
38,8838,0
39,8839,1
40,8840,1
41,8841,0
42,8842,1
43,8843,1
44,8844,0
45,8845,1
46,8846,0
47,8847,1
48,8848,1
49,8849,1
50,8850,1
51,8851,0
52,8852,1
53,8853,1
54,8854,1
55,8855,1
56,8856,0
57,8857,0
58,8858,0
59,8859,0
60,8860,0
61,8861,1
62,8862,0
63,8863,1
64,8864,0
65,8865,1
66,8866,0
67,8867,1
68,8868,1
69,8869,0
70,8870,1
71,8871,1
72,8872,1
73,8873,0
74,8874,0
75,8875,1
76,8876,0
77,8877,0
78,8878,0
79,8879,1
80,8880,1
81,8881,0
82,8882,0
83,8883,0
84,8884,0
85,8885,0
86,8886,1
87,8887,1
88,8888,1
89,8889,1
90,8890,1
91,8891,0
92,8892,0
93,8893,1
94,8894,1
95,8895,0
96,8896,1
97,8897,1
98,8898,0
99,8899,0
100,8900,1
101,8901,1
102,8902,1
103,8903,1
104,8904,0
105,8905,1
106,8906,1
107,8907,1
108,8908,1
109,8909,1
110,8910,1
111,8911,0
112,8912,1
113,8913,1
114,8914,1
115,8915,1
116,8916,1
117,8917,0
118,8918,0
119,8919,1
120,8920,1
121,8921,1
122,8922,1
123,8923,0
124,8924,1
125,8925,1
126,8926,1
127,8927,0
128,8928,1
129,8929,1
130,8930,0
131,8931,1
132,8932,0
133,8933,0
134,8934,0
135,8935,0
136,8936,1
137,8937,0
138,8938,1
139,8939,0
140,8940,1
141,8941,0
142,8942,0
143,8943,1
144,8944,0
145,8945,0
146,8946,1
147,8947,1
148,8948,1
149,8949,0
150,8950,0
151,8951,1
152,8952,0
153,8953,0
154,8954,0
155,8955,1
156,8956,1
157,8957,1
158,8958,1
159,8959,0
160,8960,1
161,8961,0
162,8962,0
163,8963,0
164,8964,0
165,8965,0
166,8966,1
167,8967,0
168,8968,1
169,8969,0
170,8970,1
171,8971,1
172,8972,1
173,8973,0
174,8974,1
175,8975,1
176,8976,0
177,8977,1
178,8978,0
179,8979,1
180,8980,0
181,8981,1
182,8982,0
183,8983,0
184,8984,0
185,8985,1
186,8986,1
187,8987,0
188,8988,0
189,8989,1
190,8990,1
191,8991,0
192,8992,1
193,8993,1
194,8994,0
195,8995,0
196,8996,1
197,8997,1
198,8998,0
199,8999,1
200,9000,1
201,9001,0
202,9002,1
203,9003,0
204,9004,0
205,9005,1
206,9006,0
207,9007,1
208,9008,1
209,9009,0
210,9010,1
211,9011,1
212,9012,1
213,9013,1
214,9014,0
215,9015,1
216,9016,0
217,9017,1
218,9018,1
219,9019,0
220,9020,1
221,9021,0
222,9022,1
223,9023,0
224,9024,0
225,9025,1
226,9026,0
227,9027,1
228,9028,1
229,9029,0
230,9030,0
231,9031,1
232,9032,1
233,9033,0
234,9034,1
235,9035,1
236,9036,0
237,9037,1
238,9038,0
239,9039,0
240,9040,1
241,9041,1
242,9042,1
243,9043,0
244,9044,0
245,9045,1
246,9046,1
247,9047,1
248,9048,1
249,9049,1
250,9050,1
251,9051,0
252,9052,0
253,9053,1
254,9054,1
255,9055,0
256,9056,0
257,9057,0
258,9058,0
259,9059,1
260,9060,1
261,9061,0
262,9062,0
263,9063,0
264,9064,1
265,9065,1
266,9066,1
267,9067,1
268,9068,1
269,9069,0
270,9070,0
271,9071,1
272,9072,1
273,9073,0
274,9074,1
275,9075,1
276,9076,1
277,9077,1
278,9078,0
279,9079,0
280,9080,0
281,9081,1
282,9082,1
283,9083,1
284,9084,0
285,9085,1
286,9086,1
287,9087,0
288,9088,1
289,9089,1
290,9090,0
291,9091,1
292,9092,1
293,9093,0
294,9094,0
295,9095,1
296,9096,1
297,9097,0
298,9098,1
299,9099,1
300,9100,0
301,9101,1
302,9102,0
303,9103,1
304,9104,1
305,9105,0
306,9106,0
307,9107,1
308,9108,0
309,9109,0
310,9110,0
311,9111,0
312,9112,0
313,9113,1
314,9114,1
315,9115,1
316,9116,1
317,9117,1
318,9118,1
319,9119,1
320,9120,1
321,9121,0
322,9122,1
323,9123,0
324,9124,1
325,9125,0
326,9126,0
327,9127,0
328,9128,0
329,9129,1
330,9130,1
331,9131,1
332,9132,1
333,9133,1
334,9134,0
335,9135,0
336,9136,1
337,9137,0
338,9138,1
339,9139,0
340,9140,1
341,9141,0
342,9142,1
343,9143,1
344,9144,0
345,9145,0
346,9146,1
347,9147,0
348,9148,1
349,9149,1
350,9150,0
351,9151,1
352,9152,1
353,9153,1
354,9154,0
355,9155,0
356,9156,1
357,9157,0
358,9158,0
359,9159,0
360,9160,0
361,9161,1
362,9162,1
363,9163,1
364,9164,1
365,9165,0
366,9166,1
367,9167,0
368,9168,1
369,9169,0
370,9170,0
371,9171,0
372,9172,0
373,9173,1
374,9174,0
375,9175,1
376,9176,1
377,9177,0
378,9178,0
379,9179,0
380,9180,0
381,9181,1
382,9182,1
383,9183,0
384,9184,1
385,9185,0
386,9186,1
387,9187,0
388,9188,0
389,9189,0
390,9190,0
391,9191,1
392,9192,0
393,9193,1
394,9194,1
395,9195,0
396,9196,0
397,9197,0
398,9198,0
399,9199,1
400,9200,0
401,9201,0
402,9202,1
403,9203,0
404,9204,1
405,9205,0
406,9206,0
407,9207,1
408,9208,1
409,9209,0
410,9210,1
411,9211,0
412,9212,0
413,9213,1
414,9214,1
415,9215,0
416,9216,0
417,9217,1
418,9218,1
419,9219,1
420,9220,1
421,9221,1
422,9222,0
423,9223,0
424,9224,1
425,9225,1
426,9226,1
427,9227,1
428,9228,0
429,9229,1
430,9230,0
431,9231,0
432,9232,0
433,9233,1
434,9234,1
435,9235,0
436,9236,0
437,9237,0
438,9238,1
439,9239,1
440,9240,1
441,9241,1
442,9242,0
443,9243,0
444,9244,1
445,9245,1
446,9246,0
447,9247,0
448,9248,0
449,9249,0
450,9250,1
451,9251,0
452,9252,0
453,9253,1
454,9254,1
455,9255,1
456,9256,1
457,9257,1
458,9258,1
459,9259,0
460,9260,0
461,9261,0
462,9262,0
463,9263,0
464,9264,0
465,9265,1
466,9266,0
467,9267,0
468,9268,1
469,9269,0
470,9270,1
471,9271,0
472,9272,1
473,9273,0
474,9274,1
475,9275,0
476,9276,0
477,9277,0
478,9278,1
479,9279,0
480,9280,1
481,9281,0
482,9282,0
483,9283,0
484,9284,0
485,9285,1
486,9286,0
487,9287,0
488,9288,0
489,9289,1
490,9290,0
491,9291,1
492,9292,1
493,9293,0
494,9294,0
495,9295,0
496,9296,0
497,9297,0
498,9298,0
499,9299,1
500,9300,0
501,9301,0
502,9302,1
503,9303,0
504,9304,1
505,9305,1
506,9306,0
507,9307,1
508,9308,0
509,9309,0
510,9310,0
511,9311,1
512,9312,1
513,9313,0
514,9314,1
515,9315,0
516,9316,1
517,9317,0
518,9318,0
519,9319,1
520,9320,1
521,9321,1
522,9322,0
523,9323,0
524,9324,1
525,9325,0
526,9326,0
527,9327,0
528,9328,1
529,9329,1
530,9330,0
531,9331,0
532,9332,1
533,9333,0
534,9334,1
535,9335,0
536,9336,0
537,9337,1
538,9338,1
539,9339,0
540,9340,0
541,9341,1
542,9342,1
543,9343,1
544,9344,1
545,9345,1
546,9346,1
547,9347,0
548,9348,0
549,9349,1
550,9350,0
551,9351,0
552,9352,0
553,9353,0
554,9354,1
555,9355,1
556,9356,0
557,9357,1
558,9358,1
559,9359,1
560,9360,1
561,9361,1
562,9362,1
563,9363,0
564,9364,1
565,9365,0
566,9366,1
567,9367,0
568,9368,0
569,9369,1
570,9370,0
571,9371,1
572,9372,0
573,9373,1
574,9374,0
575,9375,1
576,9376,1
577,9377,0
578,9378,1
579,9379,0
580,9380,0
581,9381,1
582,9382,1
583,9383,0
584,9384,0
585,9385,1
586,9386,1
587,9387,1
588,9388,1
589,9389,1
590,9390,1
591,9391,0
592,9392,0
593,9393,1
594,9394,0
595,9395,0
596,9396,0
597,9397,0
598,9398,0
599,9399,1
600,9400,1
601,9401,0
602,9402,1
603,9403,0
604,9404,1
605,9405,0
606,9406,1
607,9407,0
608,9408,1
609,9409,1
610,9410,0
611,9411,0
612,9412,1
613,9413,1
614,9414,1
615,9415,0
616,9416,0
617,9417,0
618,9418,0
619,9419,0
620,9420,1
621,9421,1
622,9422,0
623,9423,1
624,9424,0
625,9425,0
626,9426,1
627,9427,0
628,9428,1
629,9429,0
630,9430,0
631,9431,1
632,9432,0
633,9433,1
634,9434,1
635,9435,0
636,9436,0
637,9437,0
638,9438,1
639,9439,0
640,9440,0
641,9441,0
642,9442,1
643,9443,1
644,9444,0
645,9445,0
646,9446,0
647,9447,0
648,9448,0
649,9449,0
650,9450,1
651,9451,1
652,9452,0
653,9453,1
654,9454,1
655,9455,0
656,9456,0
657,9457,0
658,9458,0
659,9459,1
660,9460,0
661,9461,0
662,9462,0
663,9463,1
664,9464,0
665,9465,0
666,9466,1
667,9467,1
668,9468,1
669,9469,1
670,9470,0
671,9471,0
672,9472,1
673,9473,1
674,9474,1
675,9475,0
676,9476,0
677,9477,1
678,9478,0
679,9479,0
680,9480,1
681,9481,1
682,9482,0
683,9483,0
684,9484,0
685,9485,1
686,9486,1
687,9487,1
688,9488,0
689,9489,0
690,9490,1
691,9491,1
692,9492,0
693,9493,1
694,9494,0
695,9495,0
696,9496,0
697,9497,1
698,9498,0
699,9499,0
700,9500,1
701,9501,0
702,9502,0
703,9503,0
704,9504,0
705,9505,1
706,9506,1
707,9507,1
708,9508,1
709,9509,0
710,9510,0
711,9511,1
712,9512,0
713,9513,0
714,9514,0
715,9515,0
716,9516,0
717,9517,0
718,9518,1
719,9519,1
720,9520,0
721,9521,1
722,9522,1
723,9523,1
724,9524,0
725,9525,0
726,9526,1
727,9527,0
728,9528,1
729,9529,1
730,9530,0
731,9531,1
732,9532,1
733,9533,1
734,9534,1
735,9535,1
736,9536,1
737,9537,0
738,9538,1
739,9539,1
740,9540,1
741,9541,0
742,9542,0
743,9543,0
744,9544,0
745,9545,1
746,9546,1
747,9547,1
748,9548,1
749,9549,1
750,9550,1
751,9551,1
752,9552,1
753,9553,1
754,9554,0
755,9555,0
756,9556,0
757,9557,1
758,9558,1
759,9559,1
760,9560,0
761,9561,1
762,9562,1
763,9563,1
764,9564,0
765,9565,0
766,9566,0
767,9567,1
768,9568,1
769,9569,1
770,9570,1
771,9571,0
772,9572,1
773,9573,0
774,9574,0
775,9575,1
776,9576,0
777,9577,1
778,9578,0
779,9579,1
780,9580,1
781,9581,1
782,9582,1
783,9583,0
784,9584,1
785,9585,0
786,9586,0
787,9587,1
788,9588,0
789,9589,1
790,9590,1
791,9591,0
792,9592,1
793,9593,0
794,9594,1
795,9595,1
796,9596,1
797,9597,1
798,9598,1
799,9599,1
800,9600,1
801,9601,0
802,9602,0
803,9603,0
804,9604,1
805,9605,0
806,9606,1
807,9607,0
808,9608,1
809,9609,1
810,9610,0
811,9611,1
812,9612,0
813,9613,0
814,9614,1
815,9615,0
816,9616,1
817,9617,1
818,9618,1
819,9619,1
820,9620,1
821,9621,1
822,9622,1
823,9623,0
824,9624,1
825,9625,1
826,9626,1
827,9627,1
828,9628,0
829,9629,0
830,9630,1
831,9631,1
832,9632,1
833,9633,0
834,9634,0
835,9635,1
836,9636,1
837,9637,1
838,9638,1
839,9639,1
840,9640,1
841,9641,1
842,9642,0
843,9643,1
844,9644,1
845,9645,1
846,9646,1
847,9647,1
848,9648,1
849,9649,1
850,9650,1
851,9651,0
852,9652,1
853,9653,1
854,9654,1
855,9655,1
856,9656,1
857,9657,1
858,9658,1
859,9659,1
860,9660,1
861,9661,1
862,9662,0
863,9663,1
864,9664,0
865,9665,1
866,9666,0
867,9667,0
868,9668,1
869,9669,0
870,9670,0
871,9671,1
872,9672,1
873,9673,0
874,9674,1
875,9675,1
876,9676,1
877,9677,1
878,9678,0
879,9679,0
880,9680,1
881,9681,0
882,9682,0
883,9683,0
884,9684,1
885,9685,1
886,9686,1
887,9687,0
888,9688,1
889,9689,1
890,9690,1
891,9691,1
892,9692,0
893,9693,0
894,9694,1
895,9695,1
896,9696,1
897,9697,1
898,9698,1
899,9699,1
900,9700,0
901,9701,1
902,9702,0
903,9703,1
904,9704,1
905,9705,1
906,9706,0
907,9707,0
908,9708,1
909,9709,0
910,9710,0
911,9711,1
912,9712,0
913,9713,1
914,9714,0
915,9715,1
916,9716,0
917,9717,1
918,9718,1
919,9719,1
920,9720,0
921,9721,0
922,9722,1
923,9723,1
924,9724,0
925,9725,1
926,9726,1
927,9727,1
928,9728,0
929,9729,0
930,9730,0
931,9731,1
932,9732,1
933,9733,1
934,9734,1
935,9735,0
936,9736,0
937,9737,0
938,9738,0
939,9739,1
940,9740,1
941,9741,0
942,9742,0
943,9743,1
944,9744,1
945,9745,1
946,9746,1
947,9747,1
948,9748,0
949,9749,1
950,9750,1
951,9751,0
952,9752,1
953,9753,1
954,9754,1
955,9755,0
956,9756,0
957,9757,0
958,9758,0
959,9759,1
960,9760,0
961,9761,1
962,9762,1
963,9763,0
964,9764,1
965,9765,1
966,9766,1
967,9767,1
968,9768,1
969,9769,1
970,9770,0
971,9771,0
972,9772,0
973,9773,0
974,9774,0
975,9775,0
976,9776,1
977,9777,1
978,9778,1
979,9779,0
980,9780,1
981,9781,1
982,9782,0
983,9783,0
984,9784,1
985,9785,1
986,9786,1
987,9787,0
988,9788,1
989,9789,0
990,9790,1
991,9791,1
992,9792,1
993,9793,1
994,9794,1
995,9795,0
996,9796,0
997,9797,0
998,9798,0
999,9799,1
1000,9800,1
1001,9801,0
1002,9802,1
1003,9803,0
1004,9804,0
1005,9805,0
1006,9806,1
1007,9807,1
1008,9808,1
1009,9809,1
1010,9810,0
1011,9811,0
1012,9812,1
1013,9813,0
1014,9814,1
1015,9815,0
1016,9816,1
1017,9817,1
1018,9818,1
1019,9819,0
1020,9820,0
1021,9821,1
1022,9822,1
1023,9823,0
1024,9824,1
1025,9825,0
1026,9826,1
1027,9827,1
1028,9828,1
1029,9829,1
1030,9830,1
1031,9831,1
1032,9832,0
1033,9833,1
1034,9834,1
1035,9835,1
1036,9836,1
1037,9837,0
1038,9838,1
1039,9839,0
1040,9840,1
1041,9841,0
1042,9842,0
1043,9843,0
1044,9844,1
1045,9845,1
1046,9846,0
1047,9847,0
1048,9848,1
1049,9849,1
1050,9850,1
1051,9851,0
1052,9852,0
1053,9853,1
1054,9854,1
1055,9855,1
1056,9856,0
1057,9857,0
1058,9858,1
1059,9859,1
1060,9860,1
1061,9861,0
1062,9862,0
1063,9863,0
1064,9864,0
1065,9865,0
1066,9866,1
1067,9867,0
1068,9868,1
1069,9869,0
1070,9870,0
1071,9871,1
1072,9872,0
1073,9873,1
1074,9874,0
1075,9875,0
1076,9876,1
1077,9877,1
1078,9878,0
1079,9879,1
1080,9880,1
1081,9881,1
1082,9882,1
1083,9883,1
1084,9884,1
1085,9885,1
1086,9886,1
1087,9887,0
1088,9888,1
1089,9889,0
1090,9890,0
1091,9891,1
1092,9892,1
1093,9893,1
1094,9894,1
1095,9895,1
1096,9896,1
1097,9897,1
1098,9898,1
1099,9899,1
1100,9900,0
1101,9901,0
1102,9902,1
1103,9903,0
1104,9904,0
1105,9905,1
1106,9906,1
1107,9907,0
1108,9908,1
1109,9909,0
1110,9910,0
1111,9911,1
1112,9912,0
1113,9913,1
1114,9914,0
1115,9915,0
1116,9916,0
1117,9917,1
1118,9918,0
1119,9919,0
1120,9920,1
1121,9921,1
1122,9922,1
1123,9923,0
1124,9924,0
1125,9925,1
1126,9926,0
1127,9927,1
1128,9928,0
1129,9929,0
1130,9930,1
1131,9931,0
1132,9932,0
1133,9933,1
1134,9934,0
1135,9935,0
1136,9936,1
1137,9937,1
1138,9938,1
1139,9939,1
1140,9940,0
1141,9941,0
1142,9942,0
1143,9943,0
1144,9944,0
1145,9945,1
1146,9946,1
1147,9947,0
1148,9948,1
1149,9949,0
1150,9950,1
1151,9951,0
1152,9952,0
1153,9953,0
1154,9954,1
1155,9955,1
1156,9956,0
1157,9957,1
1158,9958,1
1159,9959,0
1160,9960,0
1161,9961,1
1162,9962,1
1163,9963,1
1164,9964,1
1165,9965,0
1166,9966,1
1167,9967,0
1168,9968,1
1169,9969,1
1170,9970,0
1171,9971,0
1172,9972,1
1173,9973,1
1174,9974,0
1175,9975,1
1176,9976,0
1177,9977,0
1178,9978,0
1179,9979,1
1180,9980,1
1181,9981,0
1182,9982,1
1183,9983,0
1184,9984,1
1185,9985,1
1186,9986,0
1187,9987,1
1188,9988,0
1189,9989,0
1190,9990,1
1191,9991,1
1192,9992,1
1193,9993,1
1194,9994,0
1195,9995,0
1196,9996,0
1197,9997,0
1198,9998,0
1199,9999,1
1200,10000,1
1201,10001,1
1202,10002,0
1203,10003,0
1204,10004,0
1205,10005,1
1206,10006,1
1207,10007,1
1208,10008,0
1209,10009,0
1210,10010,1
1211,10011,1
1212,10012,0
1213,10013,0
1214,10014,1
1215,10015,1
1216,10016,0
1217,10017,1
1218,10018,1
1219,10019,1
1220,10020,0
1221,10021,0
1222,10022,0
1223,10023,0
1224,10024,0
1225,10025,0
1226,10026,1
1227,10027,1
1228,10028,0
1229,10029,1
1230,10030,1
1231,10031,1
1232,10032,0
1233,10033,1
1234,10034,1
1235,10035,0
1236,10036,1
1237,10037,1
1238,10038,1
1239,10039,1
1240,10040,0
1241,10041,1
1242,10042,0
1243,10043,0
1244,10044,1
1245,10045,1
1246,10046,0
1247,10047,0
1248,10048,1
1249,10049,0
1250,10050,1
1251,10051,1
1252,10052,0
1253,10053,1
1254,10054,1
1255,10055,0
1256,10056,1
1257,10057,0
1258,10058,0
1259,10059,0
1260,10060,0
1261,10061,0
1262,10062,0
1263,10063,1
1264,10064,0
1265,10065,1
1266,10066,0
1267,10067,1
1268,10068,0
1269,10069,1
1270,10070,1
1271,10071,0
1272,10072,1
1273,10073,0
1274,10074,0
1275,10075,0
1276,10076,1
1277,10077,1
1278,10078,1
1279,10079,0
1280,10080,1
1281,10081,1
1282,10082,0
1283,10083,1
1284,10084,0
1285,10085,1
1286,10086,1
1287,10087,1
1288,10088,1
1289,10089,1
1290,10090,0
1291,10091,1
1292,10092,0
1293,10093,1
1294,10094,1
1295,10095,1
1296,10096,0
1297,10097,1
1298,10098,0
1299,10099,0
1300,10100,1
1301,10101,1
1302,10102,1
1303,10103,1
1304,10104,0
1305,10105,0
1306,10106,0
1307,10107,0
1308,10108,1
1309,10109,1
1310,10110,0
1311,10111,1
1312,10112,0
1313,10113,1
1314,10114,1
1315,10115,0
1316,10116,0
1317,10117,1
1318,10118,1
1319,10119,0
1320,10120,1
1321,10121,0
1322,10122,1
1323,10123,1
1324,10124,1
1325,10125,0
1326,10126,1
1327,10127,1
1328,10128,1
1329,10129,0
1330,10130,1
1331,10131,0
1332,10132,1
1333,10133,1
1334,10134,1
1335,10135,1
1336,10136,1
1337,10137,1
1338,10138,0
1339,10139,1
1340,10140,0
1341,10141,1
1342,10142,0
1343,10143,1
1344,10144,0
1345,10145,1
1346,10146,1
1347,10147,1
1348,10148,0
1349,10149,1
1350,10150,0
1351,10151,1
1352,10152,1
1353,10153,0
1354,10154,1
1355,10155,1
1356,10156,0
1357,10157,0
1358,10158,1
1359,10159,1
1360,10160,1
1361,10161,0
1362,10162,0
1363,10163,1
1364,10164,1
1365,10165,1
1366,10166,1
1367,10167,0
1368,10168,1
1369,10169,0
1370,10170,1
1371,10171,0
1372,10172,0
1373,10173,1
1374,10174,0
1375,10175,1
1376,10176,0
1377,10177,1
1378,10178,0
1379,10179,1
1380,10180,0
1381,10181,1
1382,10182,1
1383,10183,1
1384,10184,1
1385,10185,1
1386,10186,0
1387,10187,1
1388,10188,1
1389,10189,1
1390,10190,1
1391,10191,0
1392,10192,1
1393,10193,1
1394,10194,1
1395,10195,1
1396,10196,0
1397,10197,0
1398,10198,1
1399,10199,0
1400,10200,1
1401,10201,0
1402,10202,1
1403,10203,1
1404,10204,1
1405,10205,1
1406,10206,1
1407,10207,1
1408,10208,1
1409,10209,0
1410,10210,1
1411,10211,0
1412,10212,1
1413,10213,1
1414,10214,0
1415,10215,0
1416,10216,1
1417,10217,1
1418,10218,1
1419,10219,0
1420,10220,0
1421,10221,0
1422,10222,0
1423,10223,0
1424,10224,0
1425,10225,1
1426,10226,1
1427,10227,1
1428,10228,1
1429,10229,0
1430,10230,1
1431,10231,0
1432,10232,0
1433,10233,1
1434,10234,0
1435,10235,1
1436,10236,1
1437,10237,1
1438,10238,0
1439,10239,0
1440,10240,0
1441,10241,0
1442,10242,0
1443,10243,1
1444,10244,0
1445,10245,0
1446,10246,1
1447,10247,1
1448,10248,0
1449,10249,0
1450,10250,1
1451,10251,0
1452,10252,1
1453,10253,0
1454,10254,0
1455,10255,1
1456,10256,0
1457,10257,1
1458,10258,0
1459,10259,0
1460,10260,1
1461,10261,0
1462,10262,1
1463,10263,1
1464,10264,1
1465,10265,0
1466,10266,0
1467,10267,0
1468,10268,1
1469,10269,0
1470,10270,1
1471,10271,0
1472,10272,1
1473,10273,0
1474,10274,0
1475,10275,1
1476,10276,1
1477,10277,1
1478,10278,1
1479,10279,0
1480,10280,0
1481,10281,1
1482,10282,0
1483,10283,0
1484,10284,0
1485,10285,0
1486,10286,1
1487,10287,1
1488,10288,1
1489,10289,1
1490,10290,0
1491,10291,1
1492,10292,1
1493,10293,1
1494,10294,1
1495,10295,1
1496,10296,1
1497,10297,1
1498,10298,1
1499,10299,0
1500,10300,1
1501,10301,1
1502,10302,1
1503,10303,0
1504,10304,1
1505,10305,1
1506,10306,1
1507,10307,1
1508,10308,0
1509,10309,1
1510,10310,1
1511,10311,1
1512,10312,1
1513,10313,0
1514,10314,1
1515,10315,1
1516,10316,1
1517,10317,0
1518,10318,0
1519,10319,0
1520,10320,1
1521,10321,1
1522,10322,0
1523,10323,1
1524,10324,0
1525,10325,1
1526,10326,1
1527,10327,1
1528,10328,1
1529,10329,0
1530,10330,0
1531,10331,0
1532,10332,1
1533,10333,1
1534,10334,0
1535,10335,1
1536,10336,1
1537,10337,0
1538,10338,1
1539,10339,0
1540,10340,1
1541,10341,1
1542,10342,0
1543,10343,1
1544,10344,0
1545,10345,0
1546,10346,0
1547,10347,0
1548,10348,0
1549,10349,1
1550,10350,1
1551,10351,0
1552,10352,0
1553,10353,1
1554,10354,1
1555,10355,1
1556,10356,1
1557,10357,0
1558,10358,0
1559,10359,0
1560,10360,0
1561,10361,1
1562,10362,1
1563,10363,1
1564,10364,0
1565,10365,1
1566,10366,1
1567,10367,1
1568,10368,1
1569,10369,1
1570,10370,1
1571,10371,1
1572,10372,1
1573,10373,1
1574,10374,1
1575,10375,1
1576,10376,1
1577,10377,1
1578,10378,0
1579,10379,1
1580,10380,1
1581,10381,0
1582,10382,0
1583,10383,0
1584,10384,1
1585,10385,0
1586,10386,0
1587,10387,0
1588,10388,0
1589,10389,0
1590,10390,0
1591,10391,1
1592,10392,1
1593,10393,1
1594,10394,0
1595,10395,1
1596,10396,0
1597,10397,1
1598,10398,1
1599,10399,1
1600,10400,1
1601,10401,1
1602,10402,1
1603,10403,1
1604,10404,1
1605,10405,1
1606,10406,1
1607,10407,0
1608,10408,1
1609,10409,0
1610,10410,1
1611,10411,1
1612,10412,1
1613,10413,1
1614,10414,1
1615,10415,0
1616,10416,0
1617,10417,1
1618,10418,0
1619,10419,1
1620,10420,0
1621,10421,0
1622,10422,1
1623,10423,0
1624,10424,1
1625,10425,1
1626,10426,0
1627,10427,1
1628,10428,1
1629,10429,0
1630,10430,1
1631,10431,1
1632,10432,0
1633,10433,0
1634,10434,1
1635,10435,0
1636,10436,1
1637,10437,1
1638,10438,0
1639,10439,0
1640,10440,0
1641,10441,1
1642,10442,1
1643,10443,1
1644,10444,0
1645,10445,0
1646,10446,1
1647,10447,0
1648,10448,1
1649,10449,1
1650,10450,1
1651,10451,1
1652,10452,1
1653,10453,1
1654,10454,1
1655,10455,0
1656,10456,0
1657,10457,1
1658,10458,0
1659,10459,0
1660,10460,0
1661,10461,0
1662,10462,1
1663,10463,1
1664,10464,0
1665,10465,1
1666,10466,0
1667,10467,0
1668,10468,1
1669,10469,0
1670,10470,0
1671,10471,0
1672,10472,0
1673,10473,0
1674,10474,0
1675,10475,0
1676,10476,0
1677,10477,0
1678,10478,1
1679,10479,1
1680,10480,0
1681,10481,1
1682,10482,1
1683,10483,1
1684,10484,0
1685,10485,1
1686,10486,1
1687,10487,1
1688,10488,1
1689,10489,0
1690,10490,0
1691,10491,1
1692,10492,0
1693,10493,0
1694,10494,1
1695,10495,0
1696,10496,1
1697,10497,1
1698,10498,1
1699,10499,1
1700,10500,0
1701,10501,1
1702,10502,0
1703,10503,1
1704,10504,0
1705,10505,0
1706,10506,1
1707,10507,0
1708,10508,0
1709,10509,0
1710,10510,1
1711,10511,0
1712,10512,0
1713,10513,1
1714,10514,1
1715,10515,1
1716,10516,1
1717,10517,1
1718,10518,0
1719,10519,1
1720,10520,1
1721,10521,1
1722,10522,1
1723,10523,0
1724,10524,0
1725,10525,0
1726,10526,1
1727,10527,0
1728,10528,0
1729,10529,1
1730,10530,0
1731,10531,0
1732,10532,0
1733,10533,1
1734,10534,1
1735,10535,1
1736,10536,0
1737,10537,0
1738,10538,1
1739,10539,0
1740,10540,0
1741,10541,1
1742,10542,0
1743,10543,0
1744,10544,1
1745,10545,1
1746,10546,0
1747,10547,1
1748,10548,1
1749,10549,0
1750,10550,0
1751,10551,0
1752,10552,0
1753,10553,0
1754,10554,0
1755,10555,1
1756,10556,0
1757,10557,0
1758,10558,1
1759,10559,1
1760,10560,1
1761,10561,0
1762,10562,1
1763,10563,1
1764,10564,1
1765,10565,0
1766,10566,1
1767,10567,1
1768,10568,0
1769,10569,0
1770,10570,1
1771,10571,1
1772,10572,1
1773,10573,1
1774,10574,1
1775,10575,0
1776,10576,1
1777,10577,1
1778,10578,1
1779,10579,0
1780,10580,1
1781,10581,1
1782,10582,1
1783,10583,0
1784,10584,0
1785,10585,1
1786,10586,0
1787,10587,0
1788,10588,0
1789,10589,1
1790,10590,1
1791,10591,1
1792,10592,1
1793,10593,1
1794,10594,1
1795,10595,0
1796,10596,0
1797,10597,0
1798,10598,0
1799,10599,0
1800,10600,0
1801,10601,0
1802,10602,1
1803,10603,0
1804,10604,0
1805,10605,0
1806,10606,1
1807,10607,1
1808,10608,1
1809,10609,1
1810,10610,1
1811,10611,0
1812,10612,1
1813,10613,1
1814,10614,1
1815,10615,1
1816,10616,0
1817,10617,1
1818,10618,0
1819,10619,1
1820,10620,0
1821,10621,1
1822,10622,1
1823,10623,0
1824,10624,1
1825,10625,0
1826,10626,1
1827,10627,1
1828,10628,1
1829,10629,1
1830,10630,0
1831,10631,0
1832,10632,1
1833,10633,1
1834,10634,0
1835,10635,1
1836,10636,0
1837,10637,0
1838,10638,1
1839,10639,1
1840,10640,1
1841,10641,0
1842,10642,1
1843,10643,1
1844,10644,1
1845,10645,0
1846,10646,1
1847,10647,1
1848,10648,1
1849,10649,1
1850,10650,0
1851,10651,1
1852,10652,0
1853,10653,0
1854,10654,0
1855,10655,0
1856,10656,1
1857,10657,1
1858,10658,0
1859,10659,1
1860,10660,1
1861,10661,1
1862,10662,0
1863,10663,1
1864,10664,0
1865,10665,0
1866,10666,0
1867,10667,0
1868,10668,0
1869,10669,1
1870,10670,0
1871,10671,0
1872,10672,0
1873,10673,1
1874,10674,1
1875,10675,1
1876,10676,1
1877,10677,0
1878,10678,0
1879,10679,1
1880,10680,1
1881,10681,1
1882,10682,0
1883,10683,0
1884,10684,0
1885,10685,1
1886,10686,0
1887,10687,1
1888,10688,1
1889,10689,0
1890,10690,1
1891,10691,1
1892,10692,1
1893,10693,0
1894,10694,1
1895,10695,0
1896,10696,1
1897,10697,0
1898,10698,1
1899,10699,1
1900,10700,1
1901,10701,1
1902,10702,1
1903,10703,1
1904,10704,0
1905,10705,1
1906,10706,1
1907,10707,1
1908,10708,0
1909,10709,1
1910,10710,1
1911,10711,0
1912,10712,1
1913,10713,0
1914,10714,0
1915,10715,0
1916,10716,0
1917,10717,1
1918,10718,1
1919,10719,1
1920,10720,0
1921,10721,1
1922,10722,1
1923,10723,1
1924,10724,1
1925,10725,1
1926,10726,1
1927,10727,1
1928,10728,0
1929,10729,1
1930,10730,1
1931,10731,0
1932,10732,0
1933,10733,0
1934,10734,1
1935,10735,1
1936,10736,0
1937,10737,1
1938,10738,0
1939,10739,0
1940,10740,1
1941,10741,1
1942,10742,1
1943,10743,1
1944,10744,1
1945,10745,1
1946,10746,1
1947,10747,1
1948,10748,0
1949,10749,0
1950,10750,1
1951,10751,1
1952,10752,1
1953,10753,1
1954,10754,1
1955,10755,1
1956,10756,1
1957,10757,1
1958,10758,1
1959,10759,1
1960,10760,1
1961,10761,1
1962,10762,0
1963,10763,1
1964,10764,1
1965,10765,0
1966,10766,1
1967,10767,1
1968,10768,1
1969,10769,1
1970,10770,0
1971,10771,1
1972,10772,0
1973,10773,0
1974,10774,1
1975,10775,1
1976,10776,0
1977,10777,1
1978,10778,1
1979,10779,1
1980,10780,1
1981,10781,1
1982,10782,0
1983,10783,1
1984,10784,1
1985,10785,1
1986,10786,0
1987,10787,0
1988,10788,0
1989,10789,0
1990,10790,0
1991,10791,0
1992,10792,0
1993,10793,0
1994,10794,1
1995,10795,0
1996,10796,0
1997,10797,0
1998,10798,0
1999,10799,1
2000,10800,1
2001,10801,1
2002,10802,1
2003,10803,0
2004,10804,0
2005,10805,0
2006,10806,0
2007,10807,0
2008,10808,1
2009,10809,1
2010,10810,0
2011,10811,1
2012,10812,0
2013,10813,0
2014,10814,0
2015,10815,1
2016,10816,0
2017,10817,1
2018,10818,1
2019,10819,0
2020,10820,1
2021,10821,0
2022,10822,1
2023,10823,0
2024,10824,1
2025,10825,0
2026,10826,0
2027,10827,1
2028,10828,0
2029,10829,0
2030,10830,1
2031,10831,0
2032,10832,1
2033,10833,1
2034,10834,0
2035,10835,0
2036,10836,0
2037,10837,0
2038,10838,0
2039,10839,1
2040,10840,0
2041,10841,1
2042,10842,1
2043,10843,1
2044,10844,1
2045,10845,1
2046,10846,1
2047,10847,0
2048,10848,0
2049,10849,1
2050,10850,1
2051,10851,0
2052,10852,1
2053,10853,1
2054,10854,0
2055,10855,1
2056,10856,0
2057,10857,0
2058,10858,0
2059,10859,0
2060,10860,1
2061,10861,1
2062,10862,0
2063,10863,0
2064,10864,1
2065,10865,1
2066,10866,0
2067,10867,1
2068,10868,0
2069,10869,0
2070,10870,0
2071,10871,0
2072,10872,1
2073,10873,0
2074,10874,1
2075,10875,0
2076,10876,1
2077,10877,0
2078,10878,1
2079,10879,1
2080,10880,0
2081,10881,0
2082,10882,0
2083,10883,0
2084,10884,0
2085,10885,0
2086,10886,1
2087,10887,1
2088,10888,1
2089,10889,0
2090,10890,1
2091,10891,1
2092,10892,1
2093,10893,1
2094,10894,1
2095,10895,0
2096,10896,0
2097,10897,1
2098,10898,0
2099,10899,1
2100,10900,1
2101,10901,0
2102,10902,0
2103,10903,0
2104,10904,0
2105,10905,1
2106,10906,0
2107,10907,1
2108,10908,0
2109,10909,0
2110,10910,1
2111,10911,0
2112,10912,0
2113,10913,1
2114,10914,0
2115,10915,1
2116,10916,0
2117,10917,0
2118,10918,1
2119,10919,1
2120,10920,1
2121,10921,0
2122,10922,0
2123,10923,1
2124,10924,0
2125,10925,0
2126,10926,1
2127,10927,1
2128,10928,1
2129,10929,1
2130,10930,1
2131,10931,0
2132,10932,1
2133,10933,0
2134,10934,1
2135,10935,1
2136,10936,1
2137,10937,1
2138,10938,1
2139,10939,0
2140,10940,1
2141,10941,0
2142,10942,1
2143,10943,0
2144,10944,1
2145,10945,1
2146,10946,0
2147,10947,1
2148,10948,0
2149,10949,1
2150,10950,1
2151,10951,1
2152,10952,1
2153,10953,1
2154,10954,0
2155,10955,0
2156,10956,1
2157,10957,1
2158,10958,1
2159,10959,1
2160,10960,0
2161,10961,0
2162,10962,0
2163,10963,1
2164,10964,1
2165,10965,1
2166,10966,1
2167,10967,0
2168,10968,0
2169,10969,0
2170,10970,1
2171,10971,0
2172,10972,0
2173,10973,0
2174,10974,0
2175,10975,0
2176,10976,1
2177,10977,0
2178,10978,1
2179,10979,0
2180,10980,1
2181,10981,1
2182,10982,1
2183,10983,1
2184,10984,1
2185,10985,1
2186,10986,0
2187,10987,1
2188,10988,0
2189,10989,0
2190,10990,0
2191,10991,1
2192,10992,1
2193,10993,0
2194,10994,1
2195,10995,1
2196,10996,0
2197,10997,1
2198,10998,1
2199,10999,0
